iter	RMSE
0	0.1742854809
4	0.1184997993
